name,id,category,v,tags
Watch 01,1LzxlJfWCK,digilog,1,
Watch 02,2AXDo6Bqvp,analog,1,
Watch 03,3uC1D3ygqO,digital,1,
Watch 04,4uQuVnaCHc,digilog,1,minimal
Watch 05,9vXd48dOtn,analog,1,
Watch 06,Bw5mpMdQqw,digital,1,
Watch 07,CJm5eYIvXj,digilog,1,
Watch 08,Di4mRn1SVn,analog,1,dark
Watch 09,EkCkbff8cG,digital,1,
Watch 10,H2UhReP5x3,digilog,1,
Watch 11,IELxYnhDIk,analog,1,
Watch 12,MH9XedfSsO,digital,1,minimal:dark
Watch 13,RE4AkLu2bK,digilog,1,
Watch 14,Tbr7yxppvR,analog,1,
Watch 15,XISquhXxpr,digital,1,
Watch 16,aB5fqO9Ud1,digilog,1,
Watch 17,bKQjyGtF5S,analog,1,
Watch 18,e4DHATowpt,digital,1,
Watch 19,f9oSfiGxNH,digilog,1,
Watch 20,fvHaoZW2uc,analog,1,
Watch 21,kfIJP5TSDI,digital,1,
Watch 22,klbVYeky27,digilog,1,
Watch 23,oNjzkGJwcF,analog,1,
Watch 24,pSrb1RKlcM,digital,1,
Watch 25,pbqXVbc0CW,digilog,1,
Watch 26,qBITbGZ0wk,analog,1,
Watch 27,rDrDrGngoi,digital,1,
Watch 28,v8A6yYw91y,digilog,1,
Watch 29,vVrY6LauHx,analog,1,
Watch 30,vp0Td9DYAb,digital,1,
Watch 31,xuUz5Mw1a4,digilog,1,
Watch 32,yqEYO8q14T,analog,1,
Watch 33,z41OPOTSH3,digital,1,
Watch 34,zUCrtdwb7s,analog,1,